{"optionChains":[{"strikePrice":850000,"callOption":{"open":0,"high":0,"low":0,"close":2160,"ltp":2025.15,"dayChange":-134.8499999999999,"dayChangePerc":-6.243055555555551,"lowPriceRange":1551.6,"highPriceRange":2498.7,"volume":0,"lowTradeRange":1225.35,"highTradeRange":2859.15,"totalBuyQty":3250,"totalSellQty":2650,"openInterest":4,"prevOpenInterest":4,"lastTradeQty":200,"lastTradeTime":1701163245,"growwContractId":"MARUTI23NOV8500CE","contractDisplayName":"MARUTI 30 Nov '23 - 8500 Call","longDisplayName":"MARUTI 30 Nov 8500 Call","token":"124282","marketLot":50,"exchange":"NSE"},"putOption":{"open":0,"high":0,"low":0,"close":44.15,"ltp":0.05,"dayChange":-44.1,"dayChangePerc":-99.8867497168743,"lowPriceRange":0.05,"highPriceRange":3.05,"volume":0,"lowTradeRange":0.05,"highTradeRange":20.05,"totalBuyQty":4000,"totalSellQty":0,"openInterest":0,"prevOpenInterest":0,"lastTradeQty":0,"lastTradeTime":1701159916,"growwContractId":"MARUTI23NOV8500PE","contractDisplayName":"MARUTI 30 Nov '23 - 8500 Put","longDisplayName":"MARUTI 30 Nov 8500 Put","token":"124283","marketLot":50,"exchange":"NSE"}},{"strikePrice":860000,"callOption":{"open":0,"high":0,"low":0,"close":2181,"ltp":1925.25,"dayChange":-255.75,"dayChangePerc":-11.72627235213205,"lowPriceRange":1451.7,"highPriceRange":2398.8,"volume":0,"lowTradeRange":1165.45,"highTradeRange":2719.3,"totalBuyQty":3300,"totalSellQty":3050,"openInterest":2,"prevOpenInterest":2,"lastTradeQty":100,"lastTradeTime":1701162633,"growwContractId":"MARUTI23NOV8600CE","contractDisplayName":"MARUTI 30 Nov '23 - 8600 Call","longDisplayName":"MARUTI 30 Nov 8600 Call","token":"124284","marketLot":50,"exchange":"NSE"},"putOption":{"open":0,"high":0,"low":0,"close":54,"ltp":0.05,"dayChange":-53.95,"dayChangePerc":-99.9074074074074,"lowPriceRange":0.05,"highPriceRange":3.05,"volume":0,"lowTradeRange":0.05,"highTradeRange":20.05,"totalBuyQty":2500,"totalSellQty":0,"openInterest":0,"prevOpenInterest":0,"lastTradeQty":0,"lastTradeTime":1701148504,"growwContractId":"MARUTI23NOV8600PE","contractDisplayName":"MARUTI 30 Nov '23 - 8600 Put","longDisplayName":"MARUTI 30 Nov 8600 Put","token":"124285","marketLot":50,"exchange":"NSE"}},{"strikePrice":870000,"callOption":{"open":0,"high":0,"low":0,"close":1523.35,"ltp":1825.35,"dayChange":302,"dayChangePerc":19.824728394656514,"lowPriceRange":1351.85,"highPriceRange":2298.85,"volume":0,"lowTradeRange":1105.45,"highTradeRange":2579.4,"totalBuyQty":3050,"totalSellQty":3050,"openInterest":0,"prevOpenInterest":0,"lastTradeQty":0,"lastTradeTime":1701162633,"growwContractId":"MARUTI23NOV8700CE","contractDisplayName":"MARUTI 30 Nov '23 - 8700 Call","longDisplayName":"MARUTI 30 Nov 8700 Call","token":"124286","marketLot":50,"exchange":"NSE"},"putOption":{"open":0,"high":0,"low":0,"close":65.4,"ltp":0.05,"dayChange":-65.35000000000001,"dayChangePerc":-99.92354740061162,"lowPriceRange":0.05,"highPriceRange":3.05,"volume":0,"lowTradeRange":0.05,"highTradeRange":20.05,"totalBuyQty":2500,"totalSellQty":0,"openInterest":0,"prevOpenInterest":0,"lastTradeQty":0,"lastTradeTime":1701148504,"growwContractId":"MARUTI23NOV8700PE","contractDisplayName":"MARUTI 30 Nov '23 - 8700 Put","longDisplayName":"MARUTI 30 Nov 8700 Put","token":"124287","marketLot":50,"exchange":"NSE"}},{"strikePrice":880000,"callOption":{"open":0,"high":0,"low":0,"close":1975,"ltp":1725.45,"dayChange":-249.54999999999995,"dayChangePerc":-12.635443037974682,"lowPriceRange":1251.95,"highPriceRange":2198.95,"volume":0,"lowTradeRange":1045.5,"highTradeRange":2439.5,"totalBuyQty":3300,"totalSellQty":3050,"openInterest":2,"prevOpenInterest":2,"lastTradeQty":100,"lastTradeTime":1701162633,"growwContractId":"MARUTI23NOV8800CE","contractDisplayName":"MARUTI 30 Nov '23 - 8800 Call","longDisplayName":"MARUTI 30 Nov 8800 Call","token":"124288","marketLot":50,"exchange":"NSE"},"putOption":{"open":0,"high":0,"low":0,"close":78.65,"ltp":0.05,"dayChange":-78.60000000000001,"dayChangePerc":-99.93642720915449,"lowPriceRange":0.05,"highPriceRange":3.05,"volume":0,"lowTradeRange":0.05,"highTradeRange":20.05,"totalBuyQty":2500,"totalSellQty":0,"openInterest":0,"prevOpenInterest":0,"lastTradeQty":0,"lastTradeTime":1701148505,"growwContractId":"MARUTI23NOV8800PE","contractDisplayName":"MARUTI 30 Nov '23 - 8800 Put","longDisplayName":"MARUTI 30 Nov 8800 Put","token":"124289","marketLot":50,"exchange":"NSE"}},{"strikePrice":890000,"callOption":{"open":0,"high":0,"low":0,"close":1750,"ltp":1625.55,"dayChange":-124.45000000000005,"dayChangePerc":-7.111428571428574,"lowPriceRange":1152.05,"highPriceRange":2099.05,"volume":0,"lowTradeRange":985.6,"highTradeRange":2299.65,"totalBuyQty":3200,"totalSellQty":3050,"openInterest":10,"prevOpenInterest":10,"lastTradeQty":500,"lastTradeTime":1701162633,"growwContractId":"MARUTI23NOV8900CE","contractDisplayName":"MARUTI 30 Nov '23 - 8900 Call","longDisplayName":"MARUTI 30 Nov 8900 Call","token":"124290","marketLot":50,"exchange":"NSE"},"putOption":{"open":0,"high":0,"low":0,"close":93.85,"ltp":0.05,"dayChange":-93.8,"dayChangePerc":-99.94672349493874,"lowPriceRange":0.05,"highPriceRange":3.05,"volume":0,"lowTradeRange":0.05,"highTradeRange":20.05,"totalBuyQty":2500,"totalSellQty":0,"openInterest":0,"prevOpenInterest":0,"lastTradeQty":0,"lastTradeTime":1701148505,"growwContractId":"MARUTI23NOV8900PE","contractDisplayName":"MARUTI 30 Nov '23 - 8900 Put","longDisplayName":"MARUTI 30 Nov 8900 Put","token":"124291","marketLot":50,"exchange":"NSE"}},{"strikePrice":900000,"callOption":{"open":0,"high":0,"low":0,"close":1460,"ltp":1525.7,"dayChange":65.70000000000005,"dayChangePerc":4.5000000000000036,"lowPriceRange":1052.2,"highPriceRange":1999.2,"volume":0,"lowTradeRange":925.65,"highTradeRange":2159.8,"totalBuyQty":3300,"totalSellQty":3200,"openInterest":23,"prevOpenInterest":23,"lastTradeQty":100,"lastTradeTime":1701162633,"growwContractId":"MARUTI23NOV9000CE","contractDisplayName":"MARUTI 30 Nov '23 - 9000 Call","longDisplayName":"MARUTI 30 Nov 9000 Call","token":"124292","marketLot":50,"exchange":"NSE"},"putOption":{"open":0.35,"high":0.55,"low":0.25,"close":0.35,"ltp":0.3,"dayChange":-0.04999999999999999,"dayChangePerc":-14.285714285714283,"lowPriceRange":0.05,"highPriceRange":3.35,"volume":1000,"lowTradeRange":0.05,"highTradeRange":20.3,"totalBuyQty":3250,"totalSellQty":6000,"openInterest":298,"prevOpenInterest":314,"lastTradeQty":50,"lastTradeTime":1701161069,"growwContractId":"MARUTI23NOV9000PE","contractDisplayName":"MARUTI 30 Nov '23 - 9000 Put","longDisplayName":"MARUTI 30 Nov 9000 Put","token":"124293","marketLot":50,"exchange":"NSE"}},{"strikePrice":910000,"callOption":{"open":0,"high":0,"low":0,"close":1195.7,"ltp":1425.8,"dayChange":230.0999999999999,"dayChangePerc":19.243957514426686,"lowPriceRange":952.3,"highPriceRange":1899.3,"volume":0,"lowTradeRange":865.7,"highTradeRange":2019.95,"totalBuyQty":3050,"totalSellQty":3050,"openInterest":0,"prevOpenInterest":0,"lastTradeQty":0,"lastTradeTime":1701162633,"growwContractId":"MARUTI23NOV9100CE","contractDisplayName":"MARUTI 30 Nov '23 - 9100 Call","longDisplayName":"MARUTI 30 Nov 9100 Call","token":"124294","marketLot":50,"exchange":"NSE"},"putOption":{"open":0,"high":0,"low":0,"close":130.65,"ltp":0.05,"dayChange":-130.6,"dayChangePerc":-99.96172981247608,"lowPriceRange":0.05,"highPriceRange":3.05,"volume":0,"lowTradeRange":0.05,"highTradeRange":20.05,"totalBuyQty":2500,"totalSellQty":0,"openInterest":0,"prevOpenInterest":0,"lastTradeQty":0,"lastTradeTime":1701159938,"growwContractId":"MARUTI23NOV9100PE","contractDisplayName":"MARUTI 30 Nov '23 - 9100 Put","longDisplayName":"MARUTI 30 Nov 9100 Put","token":"124295","marketLot":50,"exchange":"NSE"}},{"strikePrice":920000,"callOption":{"open":0,"high":0,"low":0,"close":1119.4,"ltp":1325.9,"dayChange":206.5,"dayChangePerc":18.4473825263534,"lowPriceRange":852.4,"highPriceRange":1799.4,"volume":0,"lowTradeRange":805.75,"highTradeRange":1880,"totalBuyQty":3050,"totalSellQty":3050,"openInterest":0,"prevOpenInterest":0,"lastTradeQty":0,"lastTradeTime":1701162633,"growwContractId":"MARUTI23NOV9200CE","contractDisplayName":"MARUTI 30 Nov '23 - 9200 Call","longDisplayName":"MARUTI 30 Nov 9200 Call","token":"124296","marketLot":50,"exchange":"NSE"},"putOption":{"open":0.15,"high":0.15,"low":0.1,"close":0.35,"ltp":0.1,"dayChange":-0.24999999999999997,"dayChangePerc":-71.42857142857143,"lowPriceRange":0.05,"highPriceRange":3.35,"volume":1050,"lowTradeRange":0.05,"highTradeRange":20.1,"totalBuyQty":2050,"totalSellQty":4000,"openInterest":130,"prevOpenInterest":132,"lastTradeQty":800,"lastTradeTime":1701163032,"growwContractId":"MARUTI23NOV9200PE","contractDisplayName":"MARUTI 30 Nov '23 - 9200 Put","longDisplayName":"MARUTI 30 Nov 9200 Put","token":"124297","marketLot":50,"exchange":"NSE"}},{"strikePrice":930000,"callOption":{"open":0,"high":0,"low":0,"close":1170,"ltp":1226,"dayChange":56,"dayChangePerc":4.786324786324787,"lowPriceRange":752.5,"highPriceRange":1699.5,"volume":0,"lowTradeRange":745.8,"highTradeRange":1740.15,"totalBuyQty":3050,"totalSellQty":3050,"openInterest":0,"prevOpenInterest":0,"lastTradeQty":100,"lastTradeTime":1701162633,"growwContractId":"MARUTI23NOV9300CE","contractDisplayName":"MARUTI 30 Nov '23 - 9300 Call","longDisplayName":"MARUTI 30 Nov 9300 Call","token":"124298","marketLot":50,"exchange":"NSE"},"putOption":{"open":0.1,"high":0.25,"low":0.1,"close":0.15,"ltp":0.25,"dayChange":0.1,"dayChangePerc":66.66666666666667,"lowPriceRange":0.05,"highPriceRange":3.15,"volume":700,"lowTradeRange":0.05,"highTradeRange":20.25,"totalBuyQty":3600,"totalSellQty":1700,"openInterest":92,"prevOpenInterest":96,"lastTradeQty":200,"lastTradeTime":1701162341,"growwContractId":"MARUTI23NOV9300PE","contractDisplayName":"MARUTI 30 Nov '23 - 9300 Put","longDisplayName":"MARUTI 30 Nov 9300 Put","token":"124299","marketLot":50,"exchange":"NSE"}},{"strikePrice":940000,"callOption":{"open":0,"high":0,"low":0,"close":1061.8,"ltp":1126.1,"dayChange":64.29999999999995,"dayChangePerc":6.0557543793558075,"lowPriceRange":652.6,"highPriceRange":1599.6,"volume":0,"lowTradeRange":685.8,"highTradeRange":1600.2,"totalBuyQty":3200,"totalSellQty":3200,"openInterest":17,"prevOpenInterest":17,"lastTradeQty":50,"lastTradeTime":1701163395,"growwContractId":"MARUTI23NOV9400CE","contractDisplayName":"MARUTI 30 Nov '23 - 9400 Call","longDisplayName":"MARUTI 30 Nov 9400 Call","token":"124300","marketLot":50,"exchange":"NSE"},"putOption":{"open":0.1,"high":0.25,"low":0.1,"close":0.5,"ltp":0.15,"dayChange":-0.35,"dayChangePerc":-70,"lowPriceRange":0.05,"highPriceRange":3.5,"volume":700,"lowTradeRange":0.05,"highTradeRange":20.15,"totalBuyQty":4350,"totalSellQty":4650,"openInterest":193,"prevOpenInterest":198,"lastTradeQty":50,"lastTradeTime":1701160863,"growwContractId":"MARUTI23NOV9400PE","contractDisplayName":"MARUTI 30 Nov '23 - 9400 Put","longDisplayName":"MARUTI 30 Nov 9400 Put","token":"124301","marketLot":50,"exchange":"NSE"}},{"strikePrice":950000,"callOption":{"open":1000,"high":1015,"low":1000,"close":992.15,"ltp":1011,"dayChange":18.850000000000023,"dayChangePerc":1.899914327470647,"lowPriceRange":518.65,"highPriceRange":1465.65,"volume":550,"lowTradeRange":620.8,"highTradeRange":1448.55,"totalBuyQty":4250,"totalSellQty":3350,"openInterest":367,"prevOpenInterest":374,"lastTradeQty":100,"lastTradeTime":1701163395,"growwContractId":"MARUTI23NOV9500CE","contractDisplayName":"MARUTI 30 Nov '23 - 9500 Call","longDisplayName":"MARUTI 30 Nov 9500 Call","token":"124302","marketLot":50,"exchange":"NSE"},"putOption":{"open":0.7,"high":0.7,"low":0.1,"close":0.7,"ltp":0.4,"dayChange":-0.29999999999999993,"dayChangePerc":-42.85714285714285,"lowPriceRange":0.05,"highPriceRange":3.7,"volume":6350,"lowTradeRange":0.05,"highTradeRange":20.4,"totalBuyQty":7800,"totalSellQty":2300,"openInterest":690,"prevOpenInterest":741,"lastTradeQty":100,"lastTradeTime":1701163264,"growwContractId":"MARUTI23NOV9500PE","contractDisplayName":"MARUTI 30 Nov '23 - 9500 Put","longDisplayName":"MARUTI 30 Nov 9500 Put","token":"124303","marketLot":50,"exchange":"NSE"}},{"strikePrice":960000,"callOption":{"open":908,"high":908,"low":908,"close":922.4,"ltp":908,"dayChange":-14.399999999999977,"dayChangePerc":-1.5611448395490002,"lowPriceRange":452.85,"highPriceRange":1399.85,"volume":100,"lowTradeRange":556.05,"highTradeRange":1297.4,"totalBuyQty":3150,"totalSellQty":3450,"openInterest":15,"prevOpenInterest":15,"lastTradeQty":100,"lastTradeTime":1701163395,"growwContractId":"MARUTI23NOV9600CE","contractDisplayName":"MARUTI 30 Nov '23 - 9600 Call","longDisplayName":"MARUTI 30 Nov 9600 Call","token":"124304","marketLot":50,"exchange":"NSE"},"putOption":{"open":0.65,"high":0.95,"low":0.15,"close":0.6,"ltp":0.65,"dayChange":0.050000000000000044,"dayChangePerc":8.333333333333341,"lowPriceRange":0.05,"highPriceRange":3.05,"volume":2050,"lowTradeRange":0.05,"highTradeRange":20.7,"totalBuyQty":6650,"totalSellQty":7050,"openInterest":267,"prevOpenInterest":284,"lastTradeQty":50,"lastTradeTime":1701163173,"growwContractId":"MARUTI23NOV9600PE","contractDisplayName":"MARUTI 30 Nov '23 - 9600 Put","longDisplayName":"MARUTI 30 Nov 9600 Put","token":"124305","marketLot":50,"exchange":"NSE"}},{"strikePrice":970000,"callOption":{"open":0,"high":0,"low":0,"close":840,"ltp":826.55,"dayChange":-13.450000000000045,"dayChangePerc":-1.6011904761904818,"lowPriceRange":353.1,"highPriceRange":1300,"volume":0,"lowTradeRange":506,"highTradeRange":1180.65,"totalBuyQty":4400,"totalSellQty":3750,"openInterest":52,"prevOpenInterest":52,"lastTradeQty":50,"lastTradeTime":1701163395,"growwContractId":"MARUTI23NOV9700CE","contractDisplayName":"MARUTI 30 Nov '23 - 9700 Call","longDisplayName":"MARUTI 30 Nov 9700 Call","token":"124306","marketLot":50,"exchange":"NSE"},"putOption":{"open":0.25,"high":1,"low":0.25,"close":0.95,"ltp":0.7,"dayChange":-0.25,"dayChangePerc":-26.31578947368421,"lowPriceRange":0.05,"highPriceRange":3.95,"volume":3200,"lowTradeRange":0.05,"highTradeRange":20.65,"totalBuyQty":4750,"totalSellQty":5800,"openInterest":477,"prevOpenInterest":528,"lastTradeQty":250,"lastTradeTime":1701163185,"growwContractId":"MARUTI23NOV9700PE","contractDisplayName":"MARUTI 30 Nov '23 - 9700 Put","longDisplayName":"MARUTI 30 Nov 9700 Put","token":"124307","marketLot":50,"exchange":"NSE"}},{"strikePrice":980000,"callOption":{"open":735.6,"high":735.6,"low":735.6,"close":686,"ltp":735.6,"dayChange":49.60000000000002,"dayChangePerc":7.230320699708457,"lowPriceRange":253.65,"highPriceRange":1200.05,"volume":100,"lowTradeRange":445.75,"highTradeRange":1040,"totalBuyQty":4300,"totalSellQty":4350,"openInterest":217,"prevOpenInterest":217,"lastTradeQty":100,"lastTradeTime":1701163413,"growwContractId":"MARUTI23NOV9800CE","contractDisplayName":"MARUTI 30 Nov '23 - 9800 Call","longDisplayName":"MARUTI 30 Nov 9800 Call","token":"124308","marketLot":50,"exchange":"NSE"},"putOption":{"open":0.5,"high":2,"low":0.2,"close":0.75,"ltp":1.35,"dayChange":0.6000000000000001,"dayChangePerc":80.00000000000001,"lowPriceRange":0.05,"highPriceRange":3.75,"volume":18800,"lowTradeRange":0.05,"highTradeRange":21.3,"totalBuyQty":14450,"totalSellQty":3800,"openInterest":473,"prevOpenInterest":601,"lastTradeQty":100,"lastTradeTime":1701163208,"growwContractId":"MARUTI23NOV9800PE","contractDisplayName":"MARUTI 30 Nov '23 - 9800 Put","longDisplayName":"MARUTI 30 Nov 9800 Put","token":"124309","marketLot":50,"exchange":"NSE"}},{"strikePrice":990000,"callOption":{"open":0,"high":0,"low":0,"close":601,"ltp":601,"dayChange":0,"dayChangePerc":0,"lowPriceRange":128.95,"highPriceRange":1073.05,"volume":0,"lowTradeRange":382.15,"highTradeRange":891.7,"totalBuyQty":4450,"totalSellQty":3800,"openInterest":259,"prevOpenInterest":259,"lastTradeQty":50,"lastTradeTime":1701163413,"growwContractId":"MARUTI23NOV9900CE","contractDisplayName":"MARUTI 30 Nov '23 - 9900 Call","longDisplayName":"MARUTI 30 Nov 9900 Call","token":"124310","marketLot":50,"exchange":"NSE"},"putOption":{"open":1.25,"high":2.75,"low":1,"close":1.7,"ltp":1.4,"dayChange":-0.30000000000000004,"dayChangePerc":-17.647058823529417,"lowPriceRange":0.05,"highPriceRange":4.7,"volume":22350,"lowTradeRange":0.05,"highTradeRange":21.4,"totalBuyQty":7900,"totalSellQty":6300,"openInterest":653,"prevOpenInterest":799,"lastTradeQty":150,"lastTradeTime":1701163245,"growwContractId":"MARUTI23NOV9900PE","contractDisplayName":"MARUTI 30 Nov '23 - 9900 Put","longDisplayName":"MARUTI 30 Nov 9900 Put","token":"124311","marketLot":50,"exchange":"NSE"}},{"strikePrice":1000000,"callOption":{"open":539.9,"high":539.9,"low":499,"close":495.75,"ltp":521,"dayChange":25.25,"dayChangePerc":5.093292990418558,"lowPriceRange":27.35,"highPriceRange":964.15,"volume":13550,"lowTradeRange":313,"highTradeRange":730.25,"totalBuyQty":4600,"totalSellQty":4100,"openInterest":547,"prevOpenInterest":707,"lastTradeQty":50,"lastTradeTime":1701163413,"growwContractId":"MARUTI23NOV10000CE","contractDisplayName":"MARUTI 30 Nov '23 - 10000 Call","longDisplayName":"MARUTI 30 Nov 10000 Call","token":"124312","marketLot":50,"exchange":"NSE"},"putOption":{"open":2.55,"high":2.65,"low":1.45,"close":2.85,"ltp":1.55,"dayChange":-1.3,"dayChangePerc":-45.614035087719294,"lowPriceRange":0.05,"highPriceRange":8.05,"volume":50950,"lowTradeRange":0.05,"highTradeRange":21.9,"totalBuyQty":23900,"totalSellQty":13000,"openInterest":2441,"prevOpenInterest":2477,"lastTradeQty":50,"lastTradeTime":1701163413,"growwContractId":"MARUTI23NOV10000PE","contractDisplayName":"MARUTI 30 Nov '23 - 10000 Put","longDisplayName":"MARUTI 30 Nov 10000 Put","token":"124313","marketLot":50,"exchange":"NSE"}},{"strikePrice":1010000,"callOption":{"open":415,"high":422,"low":415,"close":383.45,"ltp":422,"dayChange":38.55000000000001,"dayChangePerc":10.053461989829186,"lowPriceRange":0.05,"highPriceRange":892,"volume":250,"lowTradeRange":269.8,"highTradeRange":629.45,"totalBuyQty":2650,"totalSellQty":3550,"openInterest":296,"prevOpenInterest":299,"lastTradeQty":100,"lastTradeTime":1701163413,"growwContractId":"MARUTI23NOV10100CE","contractDisplayName":"MARUTI 30 Nov '23 - 10100 Call","longDisplayName":"MARUTI 30 Nov 10100 Call","token":"124314","marketLot":50,"exchange":"NSE"},"putOption":{"open":3.5,"high":3.5,"low":1.6,"close":3.7,"ltp":1.9,"dayChange":-1.8000000000000003,"dayChangePerc":-48.64864864864865,"lowPriceRange":0.05,"highPriceRange":19,"volume":49800,"lowTradeRange":0.05,"highTradeRange":21.9,"totalBuyQty":35900,"totalSellQty":7400,"openInterest":1516,"prevOpenInterest":1812,"lastTradeQty":50,"lastTradeTime":1701163413,"growwContractId":"MARUTI23NOV10100PE","contractDisplayName":"MARUTI 30 Nov '23 - 10100 Put","longDisplayName":"MARUTI 30 Nov 10100 Put","token":"124315","marketLot":50,"exchange":"NSE"}},{"strikePrice":1020000,"callOption":{"open":338,"high":338,"low":294.5,"close":297.75,"ltp":320,"dayChange":22.25,"dayChangePerc":7.472712006717044,"lowPriceRange":0.05,"highPriceRange":733.45,"volume":2500,"lowTradeRange":192,"highTradeRange":448,"totalBuyQty":3700,"totalSellQty":2850,"openInterest":342,"prevOpenInterest":367,"lastTradeQty":50,"lastTradeTime":1701163413,"growwContractId":"MARUTI23NOV10200CE","contractDisplayName":"MARUTI 30 Nov '23 - 10200 Call","longDisplayName":"MARUTI 30 Nov 10200 Call","token":"124316","marketLot":50,"exchange":"NSE"},"putOption":{"open":5.8,"high":5.85,"low":2.1,"close":5.7,"ltp":2.65,"dayChange":-3.0500000000000003,"dayChangePerc":-53.50877192982456,"lowPriceRange":0.05,"highPriceRange":43.55,"volume":168900,"lowTradeRange":0.05,"highTradeRange":22.65,"totalBuyQty":18400,"totalSellQty":21800,"openInterest":2222,"prevOpenInterest":2422,"lastTradeQty":50,"lastTradeTime":1701163413,"growwContractId":"MARUTI23NOV10200PE","contractDisplayName":"MARUTI 30 Nov '23 - 10200 Put","longDisplayName":"MARUTI 30 Nov 10200 Put","token":"124317","marketLot":50,"exchange":"NSE"}},{"strikePrice":1030000,"callOption":{"open":200,"high":240,"low":200,"close":203.3,"ltp":215,"dayChange":11.699999999999989,"dayChangePerc":5.755041810132803,"lowPriceRange":0.05,"highPriceRange":597.95,"volume":21650,"lowTradeRange":129,"highTradeRange":301,"totalBuyQty":5950,"totalSellQty":3850,"openInterest":591,"prevOpenInterest":673,"lastTradeQty":50,"lastTradeTime":1701163413,"growwContractId":"MARUTI23NOV10300CE","contractDisplayName":"MARUTI 30 Nov '23 - 10300 Call","longDisplayName":"MARUTI 30 Nov 10300 Call","token":"124318","marketLot":50,"exchange":"NSE"},"putOption":{"open":7,"high":8.65,"low":3.55,"close":10.1,"ltp":3.8,"dayChange":-6.3,"dayChangePerc":-62.37623762376238,"lowPriceRange":0.05,"highPriceRange":89,"volume":392050,"lowTradeRange":0.05,"highTradeRange":23.85,"totalBuyQty":20550,"totalSellQty":17200,"openInterest":2244,"prevOpenInterest":2600,"lastTradeQty":200,"lastTradeTime":1701163413,"growwContractId":"MARUTI23NOV10300PE","contractDisplayName":"MARUTI 30 Nov '23 - 10300 Put","longDisplayName":"MARUTI 30 Nov 10300 Put","token":"124319","marketLot":50,"exchange":"NSE"}},{"strikePrice":1040000,"callOption":{"open":121.35,"high":144.9,"low":102.1,"close":111.35,"ltp":126.7,"dayChange":15.350000000000009,"dayChangePerc":13.785361472833415,"lowPriceRange":0.05,"highPriceRange":444.35,"volume":125150,"lowTradeRange":74,"highTradeRange":172.65,"totalBuyQty":4700,"totalSellQty":14650,"openInterest":3174,"prevOpenInterest":3085,"lastTradeQty":50,"lastTradeTime":1701163410,"growwContractId":"MARUTI23NOV10400CE","contractDisplayName":"MARUTI 30 Nov '23 - 10400 Call","longDisplayName":"MARUTI 30 Nov 10400 Call","token":"124320","marketLot":50,"exchange":"NSE"},"putOption":{"open":10.55,"high":14.8,"low":8,"close":18,"ltp":8.8,"dayChange":-9.2,"dayChangePerc":-51.11111111111111,"lowPriceRange":0.05,"highPriceRange":158.55,"volume":572900,"lowTradeRange":0.05,"highTradeRange":28.85,"totalBuyQty":19000,"totalSellQty":13650,"openInterest":2707,"prevOpenInterest":2267,"lastTradeQty":50,"lastTradeTime":1701163413,"growwContractId":"MARUTI23NOV10400PE","contractDisplayName":"MARUTI 30 Nov '23 - 10400 Put","longDisplayName":"MARUTI 30 Nov 10400 Put","token":"124321","marketLot":50,"exchange":"NSE"}},{"strikePrice":1050000,"callOption":{"open":43.05,"high":60,"low":28.3,"close":42.3,"ltp":42.5,"dayChange":0.20000000000000284,"dayChangePerc":0.4728132387706923,"lowPriceRange":0.05,"highPriceRange":298.75,"volume":929150,"lowTradeRange":21.5,"highTradeRange":61.5,"totalBuyQty":11950,"totalSellQty":41400,"openInterest":11553,"prevOpenInterest":11971,"lastTradeQty":50,"lastTradeTime":1701163421,"growwContractId":"MARUTI23NOV10500CE","contractDisplayName":"MARUTI 30 Nov '23 - 10500 Call","longDisplayName":"MARUTI 30 Nov 10500 Call","token":"124322","marketLot":50,"exchange":"NSE"},"putOption":{"open":35,"high":40,"low":17.8,"close":47.4,"ltp":27.65,"dayChange":-19.75,"dayChangePerc":-41.66666666666667,"lowPriceRange":0.05,"highPriceRange":264.55,"volume":537150,"lowTradeRange":7.8,"highTradeRange":47.8,"totalBuyQty":31350,"totalSellQty":13050,"openInterest":2724,"prevOpenInterest":2743,"lastTradeQty":50,"lastTradeTime":1701163424,"growwContractId":"MARUTI23NOV10500PE","contractDisplayName":"MARUTI 30 Nov '23 - 10500 Put","longDisplayName":"MARUTI 30 Nov 10500 Put","token":"124323","marketLot":50,"exchange":"NSE"}},{"strikePrice":1060000,"callOption":{"open":18,"high":29,"low":16.35,"close":21.4,"ltp":18.25,"dayChange":-3.1499999999999986,"dayChangePerc":-14.719626168224293,"lowPriceRange":0.05,"highPriceRange":198.55,"volume":1414250,"lowTradeRange":0.05,"highTradeRange":38.25,"totalBuyQty":32700,"totalSellQty":104550,"openInterest":9153,"prevOpenInterest":8952,"lastTradeQty":200,"lastTradeTime":1701163413,"growwContractId":"MARUTI23NOV10600CE","contractDisplayName":"MARUTI 30 Nov '23 - 10600 Call","longDisplayName":"MARUTI 30 Nov 10600 Call","token":"124324","marketLot":50,"exchange":"NSE"},"putOption":{"open":96.2,"high":119.15,"low":92.5,"close":126.2,"ltp":102.3,"dayChange":-23.900000000000006,"dayChangePerc":-18.938193343898575,"lowPriceRange":0.05,"highPriceRange":422.6,"volume":47050,"lowTradeRange":61.5,"highTradeRange":143.45,"totalBuyQty":6400,"totalSellQty":7300,"openInterest":687,"prevOpenInterest":828,"lastTradeQty":50,"lastTradeTime":1701163423,"growwContractId":"MARUTI23NOV10600PE","contractDisplayName":"MARUTI 30 Nov '23 - 10600 Put","longDisplayName":"MARUTI 30 Nov 10600 Put","token":"124325","marketLot":50,"exchange":"NSE"}},{"strikePrice":1070000,"callOption":{"open":11.3,"high":15.4,"low":4.8,"close":11.3,"ltp":7.55,"dayChange":-3.750000000000001,"dayChangePerc":-33.18584070796461,"lowPriceRange":0.05,"highPriceRange":119.7,"volume":822700,"lowTradeRange":0.05,"highTradeRange":27.6,"totalBuyQty":21450,"totalSellQty":56600,"openInterest":7300,"prevOpenInterest":7534,"lastTradeQty":50,"lastTradeTime":1701163414,"growwContractId":"MARUTI23NOV10700CE","contractDisplayName":"MARUTI 30 Nov '23 - 10700 Call","longDisplayName":"MARUTI 30 Nov 10700 Call","token":"124330","marketLot":50,"exchange":"NSE"},"putOption":{"open":180.25,"high":208.5,"low":179.05,"close":216.5,"ltp":187.4,"dayChange":-29.099999999999994,"dayChangePerc":-13.441108545034638,"lowPriceRange":0.05,"highPriceRange":581.65,"volume":7100,"lowTradeRange":112.5,"highTradeRange":262.45,"totalBuyQty":4250,"totalSellQty":3400,"openInterest":789,"prevOpenInterest":827,"lastTradeQty":50,"lastTradeTime":1701163408,"growwContractId":"MARUTI23NOV10700PE","contractDisplayName":"MARUTI 30 Nov '23 - 10700 Put","longDisplayName":"MARUTI 30 Nov 10700 Put","token":"124331","marketLot":50,"exchange":"NSE"}},{"strikePrice":1080000,"callOption":{"open":6.35,"high":8.8,"low":3.7,"close":6.95,"ltp":4.25,"dayChange":-2.7,"dayChangePerc":-38.84892086330935,"lowPriceRange":0.05,"highPriceRange":65.15,"volume":491200,"lowTradeRange":0.05,"highTradeRange":24.25,"totalBuyQty":23850,"totalSellQty":73200,"openInterest":5767,"prevOpenInterest":5304,"lastTradeQty":50,"lastTradeTime":1701163399,"growwContractId":"MARUTI23NOV10800CE","contractDisplayName":"MARUTI 30 Nov '23 - 10800 Call","longDisplayName":"MARUTI 30 Nov 10800 Call","token":"124332","marketLot":50,"exchange":"NSE"},"putOption":{"open":280,"high":303.3,"low":279.95,"close":308.35,"ltp":283.5,"dayChange":-24.850000000000023,"dayChangePerc":-8.059023836549382,"lowPriceRange":0.05,"highPriceRange":723.7,"volume":9750,"lowTradeRange":168.3,"highTradeRange":392.7,"totalBuyQty":2950,"totalSellQty":2800,"openInterest":480,"prevOpenInterest":613,"lastTradeQty":50,"lastTradeTime":1701163399,"growwContractId":"MARUTI23NOV10800PE","contractDisplayName":"MARUTI 30 Nov '23 - 10800 Put","longDisplayName":"MARUTI 30 Nov 10800 Put","token":"124333","marketLot":50,"exchange":"NSE"}},{"strikePrice":1090000,"callOption":{"open":4.95,"high":5.6,"low":2.8,"close":4.8,"ltp":3.05,"dayChange":-1.75,"dayChangePerc":-36.458333333333336,"lowPriceRange":0.05,"highPriceRange":32.15,"volume":273650,"lowTradeRange":0.05,"highTradeRange":23.05,"totalBuyQty":21750,"totalSellQty":20150,"openInterest":2754,"prevOpenInterest":2699,"lastTradeQty":50,"lastTradeTime":1701163399,"growwContractId":"MARUTI23NOV10900CE","contractDisplayName":"MARUTI 30 Nov '23 - 10900 Call","longDisplayName":"MARUTI 30 Nov 10900 Call","token":"124334","marketLot":50,"exchange":"NSE"},"putOption":{"open":383.05,"high":402,"low":383,"close":404.4,"ltp":402,"dayChange":-2.3999999999999773,"dayChangePerc":-0.5934718100890152,"lowPriceRange":0.05,"highPriceRange":830.9,"volume":200,"lowTradeRange":237.15,"highTradeRange":553.3,"totalBuyQty":4700,"totalSellQty":4350,"openInterest":240,"prevOpenInterest":240,"lastTradeQty":50,"lastTradeTime":1701163399,"growwContractId":"MARUTI23NOV10900PE","contractDisplayName":"MARUTI 30 Nov '23 - 10900 Put","longDisplayName":"MARUTI 30 Nov 10900 Put","token":"124335","marketLot":50,"exchange":"NSE"}},{"strikePrice":1100000,"callOption":{"open":3.65,"high":4.35,"low":2.05,"close":3.6,"ltp":2.25,"dayChange":-1.35,"dayChangePerc":-37.5,"lowPriceRange":0.05,"highPriceRange":14.8,"volume":249500,"lowTradeRange":0.05,"highTradeRange":22.25,"totalBuyQty":61550,"totalSellQty":37350,"openInterest":8344,"prevOpenInterest":9281,"lastTradeQty":50,"lastTradeTime":1701163413,"growwContractId":"MARUTI23NOV11000CE","contractDisplayName":"MARUTI 30 Nov '23 - 11000 Call","longDisplayName":"MARUTI 30 Nov 11000 Call","token":"124336","marketLot":50,"exchange":"NSE"},"putOption":{"open":500,"high":508,"low":480,"close":494.85,"ltp":480,"dayChange":-14.850000000000023,"dayChangePerc":-3.0009093664746938,"lowPriceRange":32.5,"highPriceRange":957.2,"volume":2600,"lowTradeRange":294.1,"highTradeRange":686.25,"totalBuyQty":5800,"totalSellQty":5850,"openInterest":279,"prevOpenInterest":298,"lastTradeQty":250,"lastTradeTime":1701163413,"growwContractId":"MARUTI23NOV11000PE","contractDisplayName":"MARUTI 30 Nov '23 - 11000 Put","longDisplayName":"MARUTI 30 Nov 11000 Put","token":"124337","marketLot":50,"exchange":"NSE"}},{"strikePrice":1110000,"callOption":{"open":2.9,"high":2.9,"low":1.5,"close":2.6,"ltp":1.55,"dayChange":-1.05,"dayChangePerc":-40.38461538461539,"lowPriceRange":0.05,"highPriceRange":6.6,"volume":50700,"lowTradeRange":0.05,"highTradeRange":21.55,"totalBuyQty":23800,"totalSellQty":8350,"openInterest":1006,"prevOpenInterest":1246,"lastTradeQty":50,"lastTradeTime":1701163413,"growwContractId":"MARUTI23NOV11100CE","contractDisplayName":"MARUTI 30 Nov '23 - 11100 Call","longDisplayName":"MARUTI 30 Nov 11100 Call","token":"124338","marketLot":50,"exchange":"NSE"},"putOption":{"open":605,"high":605,"low":605,"close":621.35,"ltp":605,"dayChange":-16.350000000000023,"dayChangePerc":-2.6313671843566464,"lowPriceRange":104.85,"highPriceRange":1043.95,"volume":50,"lowTradeRange":366.6,"highTradeRange":855.35,"totalBuyQty":4050,"totalSellQty":3500,"openInterest":100,"prevOpenInterest":100,"lastTradeQty":50,"lastTradeTime":1701163413,"growwContractId":"MARUTI23NOV11100PE","contractDisplayName":"MARUTI 30 Nov '23 - 11100 Put","longDisplayName":"MARUTI 30 Nov 11100 Put","token":"124339","marketLot":50,"exchange":"NSE"}},{"strikePrice":1120000,"callOption":{"open":2.05,"high":2.1,"low":1.05,"close":2.2,"ltp":1.45,"dayChange":-0.7500000000000002,"dayChangePerc":-34.0909090909091,"lowPriceRange":0.05,"highPriceRange":5.2,"volume":49400,"lowTradeRange":0.05,"highTradeRange":21.45,"totalBuyQty":11900,"totalSellQty":6500,"openInterest":1070,"prevOpenInterest":1195,"lastTradeQty":300,"lastTradeTime":1701163413,"growwContractId":"MARUTI23NOV11200CE","contractDisplayName":"MARUTI 30 Nov '23 - 11200 Call","longDisplayName":"MARUTI 30 Nov 11200 Call","token":"124340","marketLot":50,"exchange":"NSE"},"putOption":{"open":695,"high":695,"low":695,"close":650.75,"ltp":695,"dayChange":44.25,"dayChangePerc":6.799846331156358,"lowPriceRange":200.5,"highPriceRange":1145.1,"volume":100,"lowTradeRange":407,"highTradeRange":949.65,"totalBuyQty":4250,"totalSellQty":3600,"openInterest":319,"prevOpenInterest":319,"lastTradeQty":50,"lastTradeTime":1701163413,"growwContractId":"MARUTI23NOV11200PE","contractDisplayName":"MARUTI 30 Nov '23 - 11200 Put","longDisplayName":"MARUTI 30 Nov 11200 Put","token":"124341","marketLot":50,"exchange":"NSE"}},{"strikePrice":1130000,"callOption":{"open":2,"high":2,"low":1,"close":2,"ltp":1.25,"dayChange":-0.75,"dayChangePerc":-37.5,"lowPriceRange":0.05,"highPriceRange":5,"volume":38800,"lowTradeRange":0.05,"highTradeRange":21.25,"totalBuyQty":14400,"totalSellQty":6000,"openInterest":598,"prevOpenInterest":807,"lastTradeQty":50,"lastTradeTime":1701163334,"growwContractId":"MARUTI23NOV11300CE","contractDisplayName":"MARUTI 30 Nov '23 - 11300 Call","longDisplayName":"MARUTI 30 Nov 11300 Call","token":"124342","marketLot":50,"exchange":"NSE"},"putOption":{"open":0,"high":0,"low":0,"close":746.7,"ltp":772.1,"dayChange":25.399999999999977,"dayChangePerc":3.4016338556314416,"lowPriceRange":298.9,"highPriceRange":1245.3,"volume":0,"lowTradeRange":457.6,"highTradeRange":1067.65,"totalBuyQty":3900,"totalSellQty":3550,"openInterest":75,"prevOpenInterest":75,"lastTradeQty":50,"lastTradeTime":1701163413,"growwContractId":"MARUTI23NOV11300PE","contractDisplayName":"MARUTI 30 Nov '23 - 11300 Put","longDisplayName":"MARUTI 30 Nov 11300 Put","token":"124343","marketLot":50,"exchange":"NSE"}},{"strikePrice":1140000,"callOption":{"open":1.9,"high":1.9,"low":0.8,"close":1.9,"ltp":1.25,"dayChange":-0.6499999999999999,"dayChangePerc":-34.210526315789465,"lowPriceRange":0.05,"highPriceRange":4.9,"volume":14150,"lowTradeRange":0.05,"highTradeRange":21.15,"totalBuyQty":13550,"totalSellQty":9250,"openInterest":437,"prevOpenInterest":539,"lastTradeQty":50,"lastTradeTime":1701163414,"growwContractId":"MARUTI23NOV11400CE","contractDisplayName":"MARUTI 30 Nov '23 - 11400 Call","longDisplayName":"MARUTI 30 Nov 11400 Call","token":"124344","marketLot":50,"exchange":"NSE"},"putOption":{"open":0,"high":0,"low":0,"close":847.8,"ltp":871.75,"dayChange":23.950000000000045,"dayChangePerc":2.8249587166784673,"lowPriceRange":398.25,"highPriceRange":1345.25,"volume":0,"lowTradeRange":517.55,"highTradeRange":1207.6,"totalBuyQty":3350,"totalSellQty":3650,"openInterest":43,"prevOpenInterest":43,"lastTradeQty":50,"lastTradeTime":1701163414,"growwContractId":"MARUTI23NOV11400PE","contractDisplayName":"MARUTI 30 Nov '23 - 11400 Put","longDisplayName":"MARUTI 30 Nov 11400 Put","token":"124345","marketLot":50,"exchange":"NSE"}},{"strikePrice":1150000,"callOption":{"open":1.65,"high":1.65,"low":0.8,"close":1.65,"ltp":1,"dayChange":-0.6499999999999999,"dayChangePerc":-39.39393939393939,"lowPriceRange":0.05,"highPriceRange":4.65,"volume":50150,"lowTradeRange":0.05,"highTradeRange":20.95,"totalBuyQty":24650,"totalSellQty":13650,"openInterest":1753,"prevOpenInterest":2119,"lastTradeQty":50,"lastTradeTime":1701163398,"growwContractId":"MARUTI23NOV11500CE","contractDisplayName":"MARUTI 30 Nov '23 - 11500 Call","longDisplayName":"MARUTI 30 Nov 11500 Call","token":"124346","marketLot":50,"exchange":"NSE"},"putOption":{"open":0,"high":0,"low":0,"close":967.95,"ltp":971.6,"dayChange":3.6499999999999773,"dayChangePerc":0.3770855932641125,"lowPriceRange":498.05,"highPriceRange":1445.15,"volume":0,"lowTradeRange":577.55,"highTradeRange":1347.6,"totalBuyQty":4200,"totalSellQty":3500,"openInterest":227,"prevOpenInterest":227,"lastTradeQty":50,"lastTradeTime":1701163398,"growwContractId":"MARUTI23NOV11500PE","contractDisplayName":"MARUTI 30 Nov '23 - 11500 Put","longDisplayName":"MARUTI 30 Nov 11500 Put","token":"124347","marketLot":50,"exchange":"NSE"}},{"strikePrice":1160000,"callOption":{"open":1.9,"high":1.9,"low":0.6,"close":1.5,"ltp":0.6,"dayChange":-0.9,"dayChangePerc":-60,"lowPriceRange":0.05,"highPriceRange":4.5,"volume":2850,"lowTradeRange":0.05,"highTradeRange":20.6,"totalBuyQty":8850,"totalSellQty":6550,"openInterest":490,"prevOpenInterest":499,"lastTradeQty":50,"lastTradeTime":1701163414,"growwContractId":"MARUTI23NOV11600CE","contractDisplayName":"MARUTI 30 Nov '23 - 11600 Call","longDisplayName":"MARUTI 30 Nov 11600 Call","token":"124348","marketLot":50,"exchange":"NSE"},"putOption":{"open":0,"high":0,"low":0,"close":1505.35,"ltp":1071.45,"dayChange":-433.89999999999986,"dayChangePerc":-28.823861560434445,"lowPriceRange":597.9,"highPriceRange":1545,"volume":0,"lowTradeRange":637.5,"highTradeRange":1487.5,"totalBuyQty":3050,"totalSellQty":3050,"openInterest":0,"prevOpenInterest":0,"lastTradeQty":0,"lastTradeTime":1701162633,"growwContractId":"MARUTI23NOV11600PE","contractDisplayName":"MARUTI 30 Nov '23 - 11600 Put","longDisplayName":"MARUTI 30 Nov 11600 Put","token":"124349","marketLot":50,"exchange":"NSE"}},{"strikePrice":1170000,"callOption":{"open":1.6,"high":1.6,"low":0.7,"close":1.25,"ltp":0.75,"dayChange":-0.5,"dayChangePerc":-40,"lowPriceRange":0.05,"highPriceRange":4.25,"volume":2850,"lowTradeRange":0.05,"highTradeRange":20.75,"totalBuyQty":7750,"totalSellQty":2000,"openInterest":249,"prevOpenInterest":261,"lastTradeQty":50,"lastTradeTime":1701163139,"growwContractId":"MARUTI23NOV11700CE","contractDisplayName":"MARUTI 30 Nov '23 - 11700 Call","longDisplayName":"MARUTI 30 Nov 11700 Call","token":"124350","marketLot":50,"exchange":"NSE"},"putOption":{"open":0,"high":0,"low":0,"close":1590.3,"ltp":1171.35,"dayChange":-418.95000000000005,"dayChangePerc":-26.34408602150538,"lowPriceRange":697.8,"highPriceRange":1644.9,"volume":0,"lowTradeRange":697.5,"highTradeRange":1627.45,"totalBuyQty":3050,"totalSellQty":3050,"openInterest":0,"prevOpenInterest":0,"lastTradeQty":0,"lastTradeTime":1701162633,"growwContractId":"MARUTI23NOV11700PE","contractDisplayName":"MARUTI 30 Nov '23 - 11700 Put","longDisplayName":"MARUTI 30 Nov 11700 Put","token":"124351","marketLot":50,"exchange":"NSE"}},{"strikePrice":1180000,"callOption":{"open":0.65,"high":0.65,"low":0.15,"close":1.35,"ltp":0.4,"dayChange":-0.9500000000000001,"dayChangePerc":-70.37037037037037,"lowPriceRange":0.05,"highPriceRange":4.35,"volume":1450,"lowTradeRange":0.05,"highTradeRange":20.4,"totalBuyQty":4600,"totalSellQty":2200,"openInterest":227,"prevOpenInterest":240,"lastTradeQty":100,"lastTradeTime":1701161763,"growwContractId":"MARUTI23NOV11800CE","contractDisplayName":"MARUTI 30 Nov '23 - 11800 Call","longDisplayName":"MARUTI 30 Nov 11800 Call","token":"124352","marketLot":50,"exchange":"NSE"},"putOption":{"open":0,"high":0,"low":0,"close":1676.55,"ltp":1271.2,"dayChange":-405.3499999999999,"dayChangePerc":-24.177626673824218,"lowPriceRange":797.65,"highPriceRange":1744.75,"volume":0,"lowTradeRange":757.45,"highTradeRange":1767.4,"totalBuyQty":3050,"totalSellQty":3050,"openInterest":0,"prevOpenInterest":0,"lastTradeQty":0,"lastTradeTime":1701162633,"growwContractId":"MARUTI23NOV11800PE","contractDisplayName":"MARUTI 30 Nov '23 - 11800 Put","longDisplayName":"MARUTI 30 Nov 11800 Put","token":"124353","marketLot":50,"exchange":"NSE"}},{"strikePrice":1190000,"callOption":{"open":1,"high":1,"low":0.4,"close":1.25,"ltp":0.75,"dayChange":-0.5,"dayChangePerc":-40,"lowPriceRange":0.05,"highPriceRange":4.25,"volume":1850,"lowTradeRange":0.05,"highTradeRange":20.85,"totalBuyQty":3750,"totalSellQty":1750,"openInterest":180,"prevOpenInterest":201,"lastTradeQty":100,"lastTradeTime":1701163035,"growwContractId":"MARUTI23NOV11900CE","contractDisplayName":"MARUTI 30 Nov '23 - 11900 Call","longDisplayName":"MARUTI 30 Nov 11900 Call","token":"124354","marketLot":50,"exchange":"NSE"},"putOption":{"open":0,"high":0,"low":0,"close":1764.1,"ltp":1371.1,"dayChange":-393,"dayChangePerc":-22.277648659373053,"lowPriceRange":897.55,"highPriceRange":1844.65,"volume":0,"lowTradeRange":817.45,"highTradeRange":1907.3,"totalBuyQty":3050,"totalSellQty":3050,"openInterest":0,"prevOpenInterest":0,"lastTradeQty":0,"lastTradeTime":1701162633,"growwContractId":"MARUTI23NOV11900PE","contractDisplayName":"MARUTI 30 Nov '23 - 11900 Put","longDisplayName":"MARUTI 30 Nov 11900 Put","token":"124355","marketLot":50,"exchange":"NSE"}},{"strikePrice":1200000,"callOption":{"open":1.05,"high":1.15,"low":0.5,"close":1.1,"ltp":0.6,"dayChange":-0.5000000000000001,"dayChangePerc":-45.45454545454546,"lowPriceRange":0.05,"highPriceRange":4.1,"volume":47700,"lowTradeRange":0.05,"highTradeRange":20.65,"totalBuyQty":41100,"totalSellQty":11750,"openInterest":2738,"prevOpenInterest":2876,"lastTradeQty":50,"lastTradeTime":1701162432,"growwContractId":"MARUTI23NOV12000CE","contractDisplayName":"MARUTI 30 Nov '23 - 12000 Call","longDisplayName":"MARUTI 30 Nov 12000 Call","token":"124356","marketLot":50,"exchange":"NSE"},"putOption":{"open":0,"high":0,"low":0,"close":1852.75,"ltp":1471,"dayChange":-381.75,"dayChangePerc":-20.604506814195116,"lowPriceRange":997.45,"highPriceRange":1944.55,"volume":0,"lowTradeRange":877.45,"highTradeRange":2047.3,"totalBuyQty":3050,"totalSellQty":3050,"openInterest":0,"prevOpenInterest":0,"lastTradeQty":0,"lastTradeTime":1701162633,"growwContractId":"MARUTI23NOV12000PE","contractDisplayName":"MARUTI 30 Nov '23 - 12000 Put","longDisplayName":"MARUTI 30 Nov 12000 Put","token":"124357","marketLot":50,"exchange":"NSE"}},{"strikePrice":1210000,"callOption":{"open":0.1,"high":0.35,"low":0.1,"close":0.75,"ltp":0.3,"dayChange":-0.45,"dayChangePerc":-60,"lowPriceRange":0.05,"highPriceRange":3.75,"volume":600,"lowTradeRange":0.05,"highTradeRange":20.3,"totalBuyQty":5000,"totalSellQty":2400,"openInterest":175,"prevOpenInterest":177,"lastTradeQty":50,"lastTradeTime":1701162620,"growwContractId":"MARUTI23NOV12100CE","contractDisplayName":"MARUTI 30 Nov '23 - 12100 Call","longDisplayName":"MARUTI 30 Nov 12100 Call","token":"124358","marketLot":50,"exchange":"NSE"},"putOption":{"open":0,"high":0,"low":0,"close":1942.45,"ltp":1570.9,"dayChange":-371.54999999999995,"dayChangePerc":-19.127905480192535,"lowPriceRange":1097.35,"highPriceRange":2044.45,"volume":0,"lowTradeRange":937.4,"highTradeRange":2187.25,"totalBuyQty":3050,"totalSellQty":3050,"openInterest":0,"prevOpenInterest":0,"lastTradeQty":0,"lastTradeTime":1701162633,"growwContractId":"MARUTI23NOV12100PE","contractDisplayName":"MARUTI 30 Nov '23 - 12100 Put","longDisplayName":"MARUTI 30 Nov 12100 Put","token":"124359","marketLot":50,"exchange":"NSE"}},{"strikePrice":1220000,"callOption":{"open":0.9,"high":0.9,"low":0.55,"close":0.9,"ltp":0.55,"dayChange":-0.35,"dayChangePerc":-38.888888888888886,"lowPriceRange":0.05,"highPriceRange":3.9,"volume":1000,"lowTradeRange":0.05,"highTradeRange":20.55,"totalBuyQty":7050,"totalSellQty":900,"openInterest":410,"prevOpenInterest":405,"lastTradeQty":50,"lastTradeTime":1701163293,"growwContractId":"MARUTI23NOV12200CE","contractDisplayName":"MARUTI 30 Nov '23 - 12200 Call","longDisplayName":"MARUTI 30 Nov 12200 Call","token":"124360","marketLot":50,"exchange":"NSE"},"putOption":{"open":0,"high":0,"low":0,"close":2033.1,"ltp":1670.75,"dayChange":-362.3499999999999,"dayChangePerc":-17.822537012444048,"lowPriceRange":1197.2,"highPriceRange":2144.3,"volume":0,"lowTradeRange":997.35,"highTradeRange":2327.15,"totalBuyQty":3050,"totalSellQty":3050,"openInterest":0,"prevOpenInterest":0,"lastTradeQty":0,"lastTradeTime":1701162633,"growwContractId":"MARUTI23NOV12200PE","contractDisplayName":"MARUTI 30 Nov '23 - 12200 Put","longDisplayName":"MARUTI 30 Nov 12200 Put","token":"124361","marketLot":50,"exchange":"NSE"}},{"strikePrice":1230000,"callOption":{"open":0,"high":0,"low":0,"close":1.5,"ltp":1.5,"dayChange":0,"dayChangePerc":0,"lowPriceRange":0.05,"highPriceRange":4.5,"volume":0,"lowTradeRange":0.05,"highTradeRange":21.65,"totalBuyQty":3800,"totalSellQty":200,"openInterest":50,"prevOpenInterest":50,"lastTradeQty":50,"lastTradeTime":1701162633,"growwContractId":"MARUTI23NOV12300CE","contractDisplayName":"MARUTI 30 Nov '23 - 12300 Call","longDisplayName":"MARUTI 30 Nov 12300 Call","token":"124362","marketLot":50,"exchange":"NSE"},"putOption":{"open":0,"high":0,"low":0,"close":2124.6,"ltp":1770.65,"dayChange":-353.9499999999998,"dayChangePerc":-16.659606514167365,"lowPriceRange":1297.1,"highPriceRange":2244.2,"volume":0,"lowTradeRange":1057.35,"highTradeRange":2467.1,"totalBuyQty":3050,"totalSellQty":3050,"openInterest":0,"prevOpenInterest":0,"lastTradeQty":0,"lastTradeTime":1701162633,"growwContractId":"MARUTI23NOV12300PE","contractDisplayName":"MARUTI 30 Nov '23 - 12300 Put","longDisplayName":"MARUTI 30 Nov 12300 Put","token":"124363","marketLot":50,"exchange":"NSE"}},{"strikePrice":1240000,"callOption":{"open":0.8,"high":0.8,"low":0.25,"close":0.8,"ltp":0.6,"dayChange":-0.20000000000000007,"dayChangePerc":-25.000000000000007,"lowPriceRange":0.05,"highPriceRange":3.8,"volume":1600,"lowTradeRange":0.05,"highTradeRange":20.7,"totalBuyQty":4450,"totalSellQty":2900,"openInterest":213,"prevOpenInterest":225,"lastTradeQty":400,"lastTradeTime":1701163394,"growwContractId":"MARUTI23NOV12400CE","contractDisplayName":"MARUTI 30 Nov '23 - 12400 Call","longDisplayName":"MARUTI 30 Nov 12400 Call","token":"124364","marketLot":50,"exchange":"NSE"},"putOption":{"open":0,"high":0,"low":0,"close":2216.9,"ltp":1870.55,"dayChange":-346.35000000000014,"dayChangePerc":-15.623167486129287,"lowPriceRange":1397,"highPriceRange":2344.1,"volume":0,"lowTradeRange":1117.35,"highTradeRange":2607.1,"totalBuyQty":3050,"totalSellQty":3050,"openInterest":0,"prevOpenInterest":0,"lastTradeQty":0,"lastTradeTime":1701163020,"growwContractId":"MARUTI23NOV12400PE","contractDisplayName":"MARUTI 30 Nov '23 - 12400 Put","longDisplayName":"MARUTI 30 Nov 12400 Put","token":"124365","marketLot":50,"exchange":"NSE"}}],"expiryDetailsDto":{"expiryDates":["2023-11-30","2023-12-28","2024-01-25"],"currentExpiry":"2023-11-30","expiryLotSize":50}}