[{"curr_time": "13:56:41", "oi_pcr_avg": 0.33785}, {"curr_time": "13:57:41", "oi_pcr_avg": 0.33806}, {"curr_time": "13:58:42", "oi_pcr_avg": 0.33808}, {"curr_time": "13:59:41", "oi_pcr_avg": 0.33808}, {"curr_time": "14:00:41", "oi_pcr_avg": 0.33809}, {"curr_time": "14:01:41", "oi_pcr_avg": 0.33816}, {"curr_time": "14:02:41", "oi_pcr_avg": 0.33816}, {"curr_time": "14:03:41", "oi_pcr_avg": 0.33741}, {"curr_time": "14:04:41", "oi_pcr_avg": 0.33738}, {"curr_time": "14:05:41", "oi_pcr_avg": 0.33741}, {"curr_time": "14:06:41", "oi_pcr_avg": 0.33754}, {"curr_time": "14:07:41", "oi_pcr_avg": 0.33744}, {"curr_time": "14:08:41", "oi_pcr_avg": 0.33755}, {"curr_time": "14:09:41", "oi_pcr_avg": 0.33643}, {"curr_time": "14:10:41", "oi_pcr_avg": 0.33638}, {"curr_time": "14:11:42", "oi_pcr_avg": 0.33636}, {"curr_time": "14:12:42", "oi_pcr_avg": 0.33644}, {"curr_time": "14:13:41", "oi_pcr_avg": 0.3364}, {"curr_time": "14:14:41", "oi_pcr_avg": 0.33631}, {"curr_time": "14:15:41", "oi_pcr_avg": 0.33725}, {"curr_time": "14:16:41", "oi_pcr_avg": 0.33726}, {"curr_time": "14:17:41", "oi_pcr_avg": 0.33727}, {"curr_time": "14:18:41", "oi_pcr_avg": 0.33717}, {"curr_time": "14:19:41", "oi_pcr_avg": 0.33713}, {"curr_time": "14:20:41", "oi_pcr_avg": 0.33708}, {"curr_time": "14:21:41", "oi_pcr_avg": 0.33841}, {"curr_time": "14:22:41", "oi_pcr_avg": 0.33802}, {"curr_time": "14:23:41", "oi_pcr_avg": 0.338}, {"curr_time": "14:24:41", "oi_pcr_avg": 0.33906}, {"curr_time": "14:25:41", "oi_pcr_avg": 0.3387}, {"curr_time": "14:26:41", "oi_pcr_avg": 0.33878}, {"curr_time": "14:27:41", "oi_pcr_avg": 0.33798}, {"curr_time": "14:28:41", "oi_pcr_avg": 0.33816}, {"curr_time": "14:29:41", "oi_pcr_avg": 0.33815}, {"curr_time": "14:30:41", "oi_pcr_avg": 0.33902}, {"curr_time": "14:31:41", "oi_pcr_avg": 0.33962}, {"curr_time": "14:32:41", "oi_pcr_avg": 0.33958}, {"curr_time": "14:33:41", "oi_pcr_avg": 0.33913}, {"curr_time": "14:34:41", "oi_pcr_avg": 0.3389}, {"curr_time": "14:35:41", "oi_pcr_avg": 0.33906}, {"curr_time": "14:36:41", "oi_pcr_avg": 0.34052}, {"curr_time": "14:37:41", "oi_pcr_avg": 0.3399}, {"curr_time": "14:38:41", "oi_pcr_avg": 0.3399}, {"curr_time": "14:39:41", "oi_pcr_avg": 0.33987}, {"curr_time": "14:40:41", "oi_pcr_avg": 0.33942}, {"curr_time": "14:41:41", "oi_pcr_avg": 0.33944}, {"curr_time": "14:42:41", "oi_pcr_avg": 0.33962}, {"curr_time": "14:43:41", "oi_pcr_avg": 0.33966}, {"curr_time": "14:44:41", "oi_pcr_avg": 0.33923}, {"curr_time": "14:45:41", "oi_pcr_avg": 0.33874}, {"curr_time": "14:46:41", "oi_pcr_avg": 0.33899}, {"curr_time": "14:47:41", "oi_pcr_avg": 0.33897}, {"curr_time": "14:48:41", "oi_pcr_avg": 0.33903}, {"curr_time": "14:49:41", "oi_pcr_avg": 0.3389}, {"curr_time": "14:50:42", "oi_pcr_avg": 0.3389}, {"curr_time": "14:51:41", "oi_pcr_avg": 0.33786}, {"curr_time": "14:52:41", "oi_pcr_avg": 0.33724}, {"curr_time": "14:53:41", "oi_pcr_avg": 0.33727}]